strategy,symbol,timeframe,trade_count,wins,losses,unresolved,win_rate,net_r,profit_factor,mean_winning_r,median_winning_r,p90_winning_r,p95_winning_r,p99_winning_r,max_winning_r,gross_share_gt5r,gross_share_gt10r,gross_share_gt20r,gross_share_gt50r
Classic,EURUSD,H1,111,23,88,0,0.2072072072072072,-14.746536292235277,0.8324257239518719,3.1849332046854224,2.357565613391489,5.20372941991998,5.5061889272152325,12.46821480097746,12.46821480097746,0.3164100641108092,0.17020648812891362,0.0,0.0
Classic,EURUSD,H4,53,6,47,0,0.11320754716981132,-32.284770327047006,0.31308999304155305,2.452538278825499,2.100335308483409,2.28809462687451,4.833614532316746,4.833614532316746,4.833614532316746,0.0,0.0,0.0,0.0
Classic,EURUSD,M1,1112,192,920,0,0.17266187050359713,913.9230278931313,1.9933945955360124,9.551682436943393,2.7118470400422376,8.960263477153989,13.121948648868749,71.5677976572094,773.3169758293369,0.7992827827593746,0.6822455885139221,0.6116205757904317,0.5690385347444817
Classic,EURUSD,M15,242,45,197,0,0.1859504132231405,-50.05365103561181,0.7459205531187217,3.2654744214308487,2.291977188227243,6.412892166971141,7.058442477490702,8.571528503855294,8.571528503855294,0.3597221821433318,0.0,0.0,0.0
Classic,EURUSD,M30,177,29,148,0,0.1638418079096045,-44.350752259396174,0.7003327550040799,3.5741119910553034,2.6257892907984175,4.848405845880025,6.961025374287788,18.836947253837426,18.836947253837426,0.3160194236728549,0.18173742370981233,0.0,0.0
Classic,EURUSD,M5,939,152,787,0,0.16187433439829607,1998.2864672161254,3.5391187639340855,18.324253073790295,2.4863341576661626,8.551718617778386,14.359731087630275,114.62712549075424,1894.8065346941528,0.8908052729812277,0.8410770937404047,0.8193882513208732,0.7999662094250176
Classic,GBPUSD,H1,106,17,88,1,0.1619047619047619,-36.6043104287799,0.584041926945683,3.023275857130594,2.9471150863725506,4.784860004482611,4.984453636296473,5.260672834089663,5.260672834089663,0.10235630415659344,0.0,0.0,0.0
Classic,GBPUSD,H4,54,9,45,0,0.16666666666666666,-15.530266724235524,0.654882961683655,3.274414808418275,3.4577408803408254,4.05511748075234,7.181848017993733,7.181848017993733,7.181848017993733,0.24370251168509866,0.0,0.0,0.0
Classic,GBPUSD,M1,1111,227,884,0,0.20432043204320433,640.8153761937149,1.724904271712347,6.717248353276278,2.4959379039676595,9.988254648430273,16.100523430476105,39.01716125984575,497.1870232915053,0.7167284080227312,0.6018662208582495,0.4616282599405918,0.3260637524082403
Classic,GBPUSD,M15,255,43,212,0,0.16862745098039217,55.44460715880143,1.261531165843403,6.219642026948872,2.464629268275048,7.164687243706582,11.972358200417391,82.40746503344175,82.40746503344175,0.6516146812376767,0.5861343375252344,0.5022216562218574,0.5022216562218574
Classic,GBPUSD,M30,141,30,111,0,0.2127659574468085,54.143809670317694,1.4877820691019612,5.504793655677256,2.6372540987080946,6.0043704580561,32.95510986058537,48.88965271009285,48.88965271009285,0.6192859925515921,0.49559691479848833,0.49559691479848833,0.0
Classic,GBPUSD,M5,935,172,763,0,0.1839572192513369,23.02420865312388,1.0301758960067153,4.569908189843741,2.568759365067137,7.200691659351683,11.099796864328745,29.293612525316124,58.551761530401166,0.5459920884988372,0.370862410203434,0.3049471841185816,0.14308920659791463
Classic,NZDUSD,H1,74,18,56,0,0.24324324324324326,11.680416123969309,1.2085788593565947,3.760023117998295,2.2005812986724753,6.272015677338002,9.052310054933363,15.887650411058514,15.887650411058514,0.5354240814499508,0.23474516442034454,0.0,0.0
Classic,NZDUSD,H4,44,6,38,0,0.13636363636363635,-15.778182672974154,0.5847846665006802,3.7036362211709744,2.314693984817176,6.170529979801045,8.142193330953033,8.142193330953033,8.142193330953033,0.6440842843824098,0.0,0.0,0.0
Classic,NZDUSD,M1,1087,208,879,0,0.19135234590616376,189.30786443660259,1.2153673088015957,5.136095502099056,2.68989718855072,9.555763616782604,16.239374256523295,37.66428758898383,104.1659183221783,0.6209180787891427,0.4466609495212255,0.26534485073681807,0.09750552419373291
Classic,NZDUSD,M15,322,46,276,0,0.14285714285714285,-93.77073122984376,0.6602509738049139,3.961505842829484,2.3465677435874146,5.56054599818444,9.948128019786981,33.547040655446416,33.547040655446416,0.4694255424876163,0.2801110494908549,0.18409249448154746,0.0
Classic,NZDUSD,M30,162,37,125,0,0.22839506172839505,21.476829044315195,1.1718146323545215,3.958833217413924,2.8596155770680185,6.054812858781627,6.86012019309734,34.78021211700171,34.78021211700171,0.46015233380313086,0.23744514640250222,0.23744514640250222,0.0
Classic,NZDUSD,M5,922,148,774,0,0.16052060737527116,-29.889688300745433,0.9613828316527837,5.027772376346317,2.4929821853833607,7.729543122120109,11.339491419412612,67.65221154675159,79.50383585846156,0.5989408436297843,0.42406658077768183,0.32507259398254573,0.19776106457813594
Classic,XAUUSD,H1,63,10,53,0,0.15873015873015872,-6.286601581196777,0.881384875826476,4.671339841880322,3.3866130382008497,8.972096604765728,11.306680879347507,11.306680879347507,11.306680879347507,0.6728036571850926,0.24204363763001893,0.0,0.0
Classic,XAUUSD,H4,50,6,44,0,0.12,-22.050667438750697,0.49884846730112054,3.658222093541551,2.1797233326528804,4.674967669653037,9.277250221333833,9.277250221333833,9.277250221333833,0.42266662074784267,0.0,0.0,0.0
Classic,XAUUSD,M1,983,171,812,0,0.17395727365208546,-268.45360504483995,0.6693921120137439,3.1786338886266656,2.3881047291630817,5.469760219001248,7.444178420223536,10.412169062338958,12.744143567993333,0.330780918004157,0.08313334688415375,0.0,0.0
Classic,XAUUSD,M15,284,56,228,0,0.19718309859154928,-51.64751715562318,0.7734758019490211,3.1491514793638715,2.2985641557484593,4.785926346852665,6.837007152292323,11.674957327931073,18.855820339595365,0.2895052130120748,0.1731236054922373,0.0,0.0
Classic,XAUUSD,M30,131,16,115,0,0.12213740458015267,-76.57883147427586,0.33409711761499244,2.4013230328577584,1.9117888103115839,5.788350216791988,5.788350216791988,5.910186131316434,5.910186131316434,0.30448153445088216,0.0,0.0,0.0
Classic,XAUUSD,M5,911,176,735,0,0.19319429198682767,220.14397142261043,1.2995156073777012,5.426954383083014,2.5009928064409386,5.93756737419659,7.502099611651253,11.70535094395139,382.7922203734932,0.61284317275544,0.4759878293521059,0.40076913201195713,0.40076913201195713
ICT,EURUSD,H1,4,1,3,0,0.25,-1.4831898645241848,0.5056033784919384,1.5168101354758152,1.5168101354758152,1.5168101354758152,1.5168101354758152,1.5168101354758152,1.5168101354758152,0.0,0.0,0.0,0.0
ICT,EURUSD,H4,1,1,0,0,1.0,4.376762354317143,inf,4.376762354317143,4.376762354317143,4.376762354317143,4.376762354317143,4.376762354317143,4.376762354317143,0.0,0.0,0.0,0.0
ICT,EURUSD,M1,82,35,47,0,0.4268292682926829,30.319995427631284,1.6451062856942826,2.209142726503751,1.8454600774231307,3.0269634537898207,3.249651578487144,9.922472291382984,9.922472291382984,0.1283299647976578,0.0,0.0,0.0
ICT,EURUSD,M15,14,4,10,0,0.2857142857142857,-1.7033041128054247,0.8296695887194575,2.074173971798644,1.9618928763646444,2.569229031020446,2.569229031020446,2.569229031020446,2.569229031020446,0.0,0.0,0.0,0.0
ICT,EURUSD,M30,33,2,31,0,0.06060606060606061,-27.297814970204964,0.11942532354177537,1.8510925148975184,1.8510925148975184,1.912927631995739,1.912927631995739,1.912927631995739,1.912927631995739,0.0,0.0,0.0,0.0
ICT,EURUSD,M5,136,6,130,0,0.04411764705882353,-119.6855647020098,0.07934180998454,1.7190725496650334,1.6580289532887091,1.8079951078726992,2.0963187687040192,2.0963187687040192,2.0963187687040192,0.0,0.0,0.0,0.0
ICT,GBPUSD,H1,4,1,3,0,0.25,-1.397262370962104,0.5342458763459653,1.602737629037896,1.602737629037896,1.602737629037896,1.602737629037896,1.602737629037896,1.602737629037896,0.0,0.0,0.0,0.0
ICT,GBPUSD,H4,4,0,4,0,0.0,-4.0,0.0,,,,,,,0.0,0.0,0.0,0.0
ICT,GBPUSD,M1,96,31,65,0,0.3229166666666667,5.9705968470963455,1.0918553361091745,2.2893740918418173,1.7578176746452268,3.120438027460976,4.284385422955746,8.062251930715176,8.062251930715176,0.18716451004233106,0.0,0.0,0.0
ICT,GBPUSD,M15,12,5,7,0,0.4166666666666667,3.3382669445961586,1.4768952777994513,2.067653388919232,2.072464025333416,2.5593001919139025,2.5593001919139025,2.5593001919139025,2.5593001919139025,0.0,0.0,0.0,0.0
ICT,GBPUSD,M30,67,19,48,0,0.2835820895522388,7.806773121123484,1.1626411066900726,2.9371985853222884,3.0,3.1085997647110446,3.1178888122275383,3.1265642029254828,3.1265642029254828,0.0,0.0,0.0,0.0
ICT,GBPUSD,M5,53,13,40,0,0.24528301886792453,-12.198713243715876,0.6950321689071031,2.1385605197141633,1.8308007730525717,3.5119946826019066,3.5119946826019066,4.466102853682529,4.466102853682529,0.0,0.0,0.0,0.0
ICT,NZDUSD,H1,5,1,4,0,0.2,-2.471841455884066,0.38203963602898355,1.5281585441159342,1.5281585441159342,1.5281585441159342,1.5281585441159342,1.5281585441159342,1.5281585441159342,0.0,0.0,0.0,0.0
ICT,NZDUSD,H4,3,0,3,0,0.0,-3.0,0.0,,,,,,,0.0,0.0,0.0,0.0
ICT,NZDUSD,M1,114,39,75,0,0.34210526315789475,11.897716121870687,1.1586362149582758,2.2281465672274536,2.0644329773153682,2.9765476625498057,3.175679817313362,3.716249982296903,3.716249982296903,0.0,0.0,0.0,0.0
ICT,NZDUSD,M15,14,6,8,0,0.42857142857142855,7.97994265349544,1.99749283168693,2.6633237755825734,2.5719246231368817,3.44279784029219,3.616236667592327,3.616236667592327,3.616236667592327,0.0,0.0,0.0,0.0
ICT,NZDUSD,M30,51,3,48,0,0.058823529411764705,-41.840590844097456,0.12832102408130305,2.053136385300849,2.217693990218416,2.441715165684171,2.441715165684171,2.441715165684171,2.441715165684171,0.0,0.0,0.0,0.0
ICT,NZDUSD,M5,64,15,49,0,0.234375,-17.803776681397817,0.6366576187469833,2.0797482212401452,2.022801019001112,2.5711361020816144,2.5711361020816144,3.0063493858603785,3.0063493858603785,0.0,0.0,0.0,0.0
ICT,XAUUSD,H1,7,3,4,0,0.42857142857142855,1.6534756688630585,1.4133689172157646,1.8844918896210194,1.8172725737850375,2.0502940751733525,2.0502940751733525,2.0502940751733525,2.0502940751733525,0.0,0.0,0.0,0.0
ICT,XAUUSD,H4,4,0,4,0,0.0,-4.0,0.0,,,,,,,0.0,0.0,0.0,0.0
ICT,XAUUSD,M1,92,32,60,0,0.34782608695652173,5.653654763907525,1.0942275793984588,2.05167671137211,1.8372217830979662,2.949724806692401,2.996398903046149,3.0,3.0,0.0,0.0,0.0,0.0
ICT,XAUUSD,M15,60,20,40,0,0.3333333333333333,-5.121908797100588,0.8719522800724853,1.7439045601449705,1.594725947021436,2.3667496187545827,2.648194425542691,2.690776224299934,2.690776224299934,0.0,0.0,0.0,0.0
ICT,XAUUSD,M30,10,6,4,0,0.6,9.642165718466215,3.4105414296165537,2.273694286411036,2.069253083830387,2.638646325788356,3.4441210759539143,3.4441210759539143,3.4441210759539143,0.0,0.0,0.0,0.0
ICT,XAUUSD,M5,58,10,48,0,0.1724137931034483,-26.31437624650791,0.4517838281977519,2.1685623753492096,2.2017562011921665,2.5091701960889794,2.588474092366109,2.588474092366109,2.588474092366109,0.0,0.0,0.0,0.0
SMC,EURUSD,H1,14,9,5,0,0.6428571428571429,20.4932513056835,5.0986502611367,2.8325834784092776,3.0,3.2625941938988023,5.352792783958264,5.352792783958264,5.352792783958264,0.2099690117895988,0.0,0.0,0.0
SMC,EURUSD,H4,9,0,9,0,0.0,-9.0,0.0,,,,,,,0.0,0.0,0.0,0.0
SMC,EURUSD,M1,541,150,391,0,0.27726432532347506,99.19960151216213,1.2537074207472176,3.267997343414413,2.3950899803423,6.064468770514462,7.163769120954686,15.207102510517297,16.488954275909116,0.35314340798468496,0.14277202354185728,0.0,0.0
SMC,EURUSD,M15,386,68,318,0,0.17616580310880828,-163.79876776332105,0.4849095353354684,2.2676651799511602,1.5000000000001352,2.9550143171746943,3.4437276511959127,9.582532817002184,22.013047512683546,0.2540125461122575,0.14275532817335962,0.14275532817335962,0.0
SMC,EURUSD,M30,123,19,104,0,0.15447154471544716,-22.033042375562488,0.7881438233118991,4.314050401286185,2.494480160154017,7.224544390748817,10.057410091653539,20.516719211584434,20.516719211584434,0.5929607487585612,0.3730055401510065,0.25030475457671014,0.0
SMC,EURUSD,M5,635,119,516,0,0.18740157480314962,-123.12734003886624,0.7613811239556856,3.3014509240431407,2.393888375058135,5.801451717988722,8.034070886786605,11.420586448098213,11.487828796420088,0.35871387332989346,0.08407643122918415,0.0,0.0
SMC,GBPUSD,H1,37,16,21,0,0.43243243243243246,19.999166935840236,1.952341282659059,2.5624479334900157,1.8496395446058598,5.643803145933008,5.643803145933008,6.283272810771327,6.283272810771327,0.29091020252604316,0.0,0.0,0.0
SMC,GBPUSD,H4,9,1,8,0,0.1111111111111111,-5.840994708857627,0.2698756613927966,2.159005291142373,2.159005291142373,2.159005291142373,2.159005291142373,2.159005291142373,2.159005291142373,0.0,0.0,0.0,0.0
SMC,GBPUSD,M1,658,210,448,0,0.3191489361702128,267.0841855425574,1.596170057014637,3.40516278829789,2.346589422522139,6.463523102744915,9.145302470094169,15.462351111718606,18.11008971539189,0.4093036707597766,0.12299866472099753,0.0,0.0
SMC,GBPUSD,M15,122,22,100,0,0.18032786885245902,-16.664860250831936,0.8333513974916806,3.787960897689456,2.319403133009334,4.849450895322001,14.28462745703373,16.406204269641897,16.406204269641897,0.3682819974749249,0.3682819974749249,0.0,0.0
SMC,GBPUSD,M30,142,8,134,0,0.056338028169014086,-105.97571304007015,0.20913646985022277,3.503035869991232,2.15344862268723,5.078327631069556,10.818865756597518,10.818865756597518,10.818865756597518,0.5672648660213,0.386053203496907,0.0,0.0
SMC,GBPUSD,M5,476,130,346,0,0.27310924369747897,150.20303220002643,1.434112809826666,3.816946401538663,2.66498296155733,6.6033339548951275,10.244339299417494,17.917011679075365,20.504382117212327,0.45547694604054717,0.21701846587945023,0.04132256513286828,0.0
SMC,NZDUSD,H1,31,9,22,0,0.2903225806451613,21.080437223356554,1.9582016919707526,4.786715247039616,4.149269568470255,7.1804748691512525,9.4730536045607,9.4730536045607,9.4730536045607,0.6517143138812878,0.0,0.0,0.0
SMC,NZDUSD,H4,15,5,10,0,0.3333333333333333,19.266421187581393,2.9266421187581395,5.853284237516279,2.477142694910456,13.166913791033208,13.166913791033208,13.166913791033208,13.166913791033208,0.7910566599375651,0.44989832226634935,0.0,0.0
SMC,NZDUSD,M1,555,160,395,0,0.2882882882882883,42.212011275129385,1.1068658513294414,2.7325750704695584,2.0414320798348493,4.566424357978407,6.155043951473407,9.732650672482126,13.840593844461694,0.2540872628084717,0.057085710130671596,0.0,0.0
SMC,NZDUSD,M15,162,40,122,0,0.24691358024691357,-7.5636363683034915,0.9380029805876763,2.8609090907924126,2.0549349961995413,4.496525688715973,6.1246598726970785,9.729213277987622,9.729213277987622,0.25347221863661323,0.0,0.0,0.0
SMC,NZDUSD,M30,199,27,172,0,0.135678391959799,-81.09782472393675,0.5285010190468793,3.3667472324467864,1.5719446713391096,4.702984507340048,12.690151622863187,20.974504762129584,20.974504762129584,0.4766977404555311,0.37033939267961047,0.23073710500801053,0.0
SMC,NZDUSD,M5,439,120,319,0,0.2733485193621868,7.403915420425449,1.0232097662082302,2.7200326285035463,2.0935886295999775,4.20443995325203,4.942012997334945,16.544615283752506,17.13259076528864,0.13754905787090113,0.10317647692939937,0.0,0.0
SMC,XAUUSD,H1,25,9,16,0,0.36,32.50628372367626,3.0316427327297664,5.389587080408473,2.6895632412176154,5.073252358548741,25.342062818948133,25.342062818948133,25.342062818948133,0.6270386606148296,0.5224490699661349,0.5224490699661349,0.0
SMC,XAUUSD,H4,24,6,18,0,0.25,-5.88677320627232,0.6729570440959822,2.0188711322879467,1.7110523117763496,1.8253269086111963,3.8138858215824234,3.8138858215824234,3.8138858215824234,0.0,0.0,0.0,0.0
SMC,XAUUSD,M1,763,227,536,0,0.29750982961992134,302.5903264256898,1.5645341910927049,3.694230512888504,2.9470701564123623,7.9402555668033274,8.757277806716495,10.079660960407917,10.753162757636467,0.4964924319496597,0.0374385785306596,0.0,0.0
SMC,XAUUSD,M15,299,154,145,0,0.5150501672240803,445.62403704461656,4.073269220997355,3.835221019770236,1.7496061747673393,10.11836125406741,10.167623509672042,10.193823857208018,18.187663941240654,0.6449822435775696,0.4422394720474905,0.0,0.0
SMC,XAUUSD,M30,67,16,51,0,0.23880597014925373,-10.664726369711104,0.7908877182409587,2.5209546018930564,2.1293031246725382,4.858360743337744,4.858360743337744,4.977640101357773,4.977640101357773,0.0,0.0,0.0,0.0
SMC,XAUUSD,M5,521,94,427,0,0.18042226487523993,-134.9059553514292,0.6840609944931401,3.1073834537082,2.1517636672470024,4.320959944695835,7.222023745439366,17.80197680147544,22.547844827151337,0.31807366592571085,0.2743459931104548,0.0771937848109142,0.0
SweepDisplacement,EURUSD,H1,22,8,14,0,0.36363636363636365,7.946669377606433,1.5676192412576024,2.743333672200804,2.2335346880719373,3.2711480862650575,5.692177679814455,5.692177679814455,5.692177679814455,0.25936407852494203,0.0,0.0,0.0
SweepDisplacement,EURUSD,H4,0,0,0,0,0.0,0,0.0,,,,,,,0.0,0.0,0.0,0.0
SweepDisplacement,EURUSD,M1,513,89,424,0,0.17348927875243664,-111.28580998378078,0.7375334670193849,3.513642584451902,2.3163569596728895,6.545158881475458,10.310172958482035,12.167474111559914,34.028195347691465,0.4432632912132099,0.24722725108836074,0.1088156419954162,0.0
SweepDisplacement,EURUSD,M15,88,11,77,0,0.125,37.710182393892396,1.4897426284921091,10.428198399444764,2.3038314326069838,4.950414611729113,87.08031203795989,87.08031203795989,87.08031203795989,0.7591332366549909,0.7591332366549909,0.7591332366549909,0.7591332366549909
SweepDisplacement,EURUSD,M30,58,12,46,0,0.20689655172413793,-13.951810133776966,0.6966997797005007,2.67068248885192,2.211503431537796,4.115271865060748,4.115271865060748,6.628313976871591,6.628313976871591,0.20682334960382448,0.0,0.0,0.0
SweepDisplacement,EURUSD,M5,304,66,238,0,0.21710526315789475,-40.44298866326025,0.8300714762047888,2.993288050556663,2.48515883715187,3.746811286595942,6.0584296247585705,11.066980757049695,15.75561285220959,0.23640253554757193,0.13577140810021496,0.0,0.0
SweepDisplacement,GBPUSD,H1,27,2,25,0,0.07407407407407407,-20.59996829445007,0.17600126822199727,2.200015852774966,2.200015852774966,2.212382126554787,2.212382126554787,2.212382126554787,2.212382126554787,0.0,0.0,0.0,0.0
SweepDisplacement,GBPUSD,H4,7,2,5,0,0.2857142857142857,-1.4016687118282674,0.7196662576343466,1.7991656440858663,1.7991656440858663,1.8090865606764364,1.8090865606764364,1.8090865606764364,1.8090865606764364,0.0,0.0,0.0,0.0
SweepDisplacement,GBPUSD,M1,451,92,359,0,0.2039911308203991,-69.98374571848944,0.8050592041267703,3.141481024799028,2.2541448334217526,5.798233833517689,6.627900382220503,13.076072260150733,15.768664426999013,0.4024875053820358,0.09980316421599632,0.0,0.0
SweepDisplacement,GBPUSD,M15,86,19,67,0,0.22093023255813954,16.490426715010088,1.2461257718658223,4.39423298500053,2.7507683233665383,8.174116749747,8.376108086700896,19.704917427963235,19.704917427963235,0.6396215587522487,0.23601409410955426,0.0,0.0
SweepDisplacement,GBPUSD,M30,49,8,41,0,0.16326530612244897,-21.1320973368189,0.4845829917849048,2.4834878328976373,2.287515698041685,2.79253289288016,3.7970182592481847,3.7970182592481847,3.7970182592481847,0.0,0.0,0.0,0.0
SweepDisplacement,GBPUSD,M5,313,65,248,0,0.20766773162939298,-54.65301130286409,0.7796249544239351,2.9745690568790137,2.21141487498557,5.290865469842065,9.085496630261638,10.90102583643075,11.560371177092566,0.302755088682987,0.11617143439822315,0.0,0.0
SweepDisplacement,NZDUSD,H1,37,6,31,0,0.16216216216216217,-11.992430171036492,0.6131474138375325,3.167928304827251,1.990210847906025,5.6440934663040805,6.1027123385467466,6.1027123385467466,6.1027123385467466,0.6180067157744271,0.0,0.0,0.0
SweepDisplacement,NZDUSD,H4,4,0,4,0,0.0,-4.0,0.0,,,,,,,0.0,0.0,0.0,0.0
SweepDisplacement,NZDUSD,M1,454,117,337,0,0.2577092511013216,-8.537545318201921,0.9746660376314483,2.8073714075367366,2.3639586592846937,4.078483898810646,5.933063365112819,9.992763368997817,15.950050087095356,0.226832685356691,0.04855973600558748,0.0,0.0
SweepDisplacement,NZDUSD,M15,104,20,84,0,0.19230769230769232,-42.774323018312714,0.49078186882961056,2.0612838490843646,1.8225084059480348,3.1311109272224122,3.1635137782649796,4.314373038765802,4.314373038765802,0.0,0.0,0.0,0.0
SweepDisplacement,NZDUSD,M30,39,17,22,0,0.4358974358974359,84.0704040551074,4.821382002504882,6.239435532653377,2.107793141059494,5.9770550373051945,7.510247010220484,56.30002146312755,56.30002146312755,0.7118431686206469,0.5307797397837539,0.5307797397837539,0.5307797397837539
SweepDisplacement,NZDUSD,M5,385,76,309,0,0.1974025974025974,-110.46664348970714,0.6425027718779704,2.6122810067143796,2.0608142106536524,4.340352789585546,4.584687627030477,8.834879144233035,11.169885348921012,0.13497259758320893,0.05626200828545361,0.0,0.0
SweepDisplacement,XAUUSD,H1,19,4,15,0,0.21052631578947367,-6.405787262213215,0.5729475158524523,2.1485531844466963,2.03280453787463,3.0096548625042123,3.0096548625042123,3.0096548625042123,3.0096548625042123,0.0,0.0,0.0,0.0
SweepDisplacement,XAUUSD,H4,3,0,3,0,0.0,-3.0,0.0,,,,,,,0.0,0.0,0.0,0.0
SweepDisplacement,XAUUSD,M1,400,76,324,0,0.19,-115.34221427349661,0.6440055115015537,2.745497180611887,2.0012144385385233,4.708108661594502,6.163424873969213,11.269290726054516,15.95050980219474,0.25423372327660876,0.1304518804964575,0.0,0.0
SweepDisplacement,XAUUSD,M15,92,14,78,0,0.15217391304347827,-42.045419902766284,0.46095615509273996,2.568184292659551,2.1058117853785,3.5365920007995424,3.5365920007995424,7.180653145905028,7.180653145905028,0.19971456005009763,0.0,0.0,0.0
SweepDisplacement,XAUUSD,M30,42,7,35,0,0.16666666666666666,-13.620628124572008,0.6108391964407998,3.0541959822039986,2.43949599996868,4.351344736896642,5.092351306099817,5.092351306099817,5.092351306099817,0.23818994008671612,0.0,0.0,0.0
SweepDisplacement,XAUUSD,M5,313,54,259,0,0.17252396166134185,-108.39759032383392,0.5814764852361625,2.7889335125215937,1.9587318223199763,5.748153250935236,7.081505342036886,8.244352506430404,12.294967964542245,0.31298900983727385,0.08163858726417186,0.0,0.0
